neuron_index,count,diff_srv_rate,dst_bytes,dst_host_count,dst_host_diff_srv_rate,dst_host_rerror_rate,dst_host_same_src_port_rate,dst_host_same_srv_rate,dst_host_serror_rate,dst_host_srv_count,dst_host_srv_diff_host_rate,dst_host_srv_rerror_rate,dst_host_srv_serror_rate,duration,flag_OTH,flag_REJ,flag_RSTO,flag_RSTOS0,flag_RSTR,flag_S0,flag_S1,flag_S2,flag_S3,flag_SF,flag_SH,hot,is_guest_login_0,is_guest_login_1,is_host_login_0,is_host_login_1,land_0,land_1,logged_in_0,logged_in_1,num_access_files,num_compromised,num_failed_logins,num_file_creations,num_outbound_cmds,num_root,num_shells,protocol_type_icmp,protocol_type_tcp,protocol_type_udp,rerror_rate,root_shell,same_srv_rate,serror_rate,service_IRC,service_X11,service_Z39_50,service_aol,service_auth,service_bgp,service_courier,service_csnet_ns,service_ctf,service_daytime,service_discard,service_domain,service_domain_u,service_echo,service_eco_i,service_ecr_i,service_efs,service_exec,service_finger,service_ftp,service_ftp_data,service_gopher,service_harvest,service_hostnames,service_http,service_http_2784,service_http_443,service_http_8001,service_imap4,service_iso_tsap,service_klogin,service_kshell,service_ldap,service_link,service_login,service_mtp,service_name,service_netbios_dgm,service_netbios_ns,service_netbios_ssn,service_netstat,service_nnsp,service_nntp,service_ntp_u,service_other,service_pm_dump,service_pop_2,service_pop_3,service_printer,service_private,service_red_i,service_remote_job,service_rje,service_shell,service_smtp,service_sql_net,service_ssh,service_sunrpc,service_supdup,service_systat,service_telnet,service_tftp_u,service_tim_i,service_time,service_urh_i,service_urp_i,service_uucp,service_uucp_path,service_vmnet,service_whois,src_bytes,srv_count,srv_diff_host_rate,srv_rerror_rate,srv_serror_rate,su_attempted,urgent,wrong_fragment
0,0.0013935442821821197,0.00019463079456244259,5.00814189065352e-10,0.0011288210616976358,0.00036282700315837246,0.0028613904022495263,0.0015739490091800689,0.0015918629246925776,0.0027351382386177647,0.0030960373686684762,4.8984573093093784e-05,0.00018616956539972308,0.0014541036348964553,2.3311115826110672e-06,0.0,0.000609133990360533,6.33230012272179e-05,0.0,5.725868106779331e-05,0.001332081199507229,0.0,0.0,2.6906791026704013e-06,0.0009311408139546984,0.0,6.480377204070464e-05,6.358665042171197e-05,9.211486695448912e-05,0.0,0.0,0.0,0.0,0.0004456040527065852,0.0004743815522942896,2.5911442935466764e-06,3.815373474935768e-09,2.5975208700401708e-06,3.231702861983266e-08,0.0,0.0,0.0,0.000313862486036669,0.0007052065497555305,0.0001977610593621648,0.0008169511253072415,1.2295917529741019e-05,0.0016560201003449038,0.0007338948294636793,0.0,0.0,0.0,0.0,0.0,7.264490485781039e-07,1.3307840242049452e-06,0.0,5.371109021723441e-06,0.0,5.1796314073726535e-06,0.0,6.505731245852075e-05,0.0,4.951101067831587e-05,0.00027497088527070443,1.659822761723717e-06,0.0,0.0,2.579196240787951e-05,0.00023413400447680032,1.895129391868977e-05,0.0,0.0,0.0009178256784753103,0.0,0.0,0.0,0.0,0.0,0.0,0.0,1.75080104757086e-06,1.2534901907201857e-06,0.0,1.1433038267227857e-06,0.0,1.291944904585618e-07,0.0,0.0,0.0,1.5155192071176771e-05,0.0,0.0,0.00034057867063893356,0.0,0.0,3.145056427456438e-05,0.0,0.0029146423190832137,0.0,6.334857898764312e-06,0.0,0.0,0.00024157207492407905,0.0,3.0613705166615546e-06,0.0,5.604702614636636e-07,0.0,0.00020928831374476432,0.0,0.0,9.058775031007827e-06,0.0,0.0,1.2618140222002694e-05,5.067709642148088e-07,0.0,1.2132216216400593e-05,3.887669886406056e-09,0.0002243257584427738,0.0003358946479158931,0.0010941030920184858,0.0009688010966056027,0.0,0.0,0.0
1,0.0014255897456314415,0.0002006665790287343,5.326552869195549e-10,0.0012198143371279003,0.0003912148462109144,0.003004689931694884,0.0016528466842282796,0.0016339839049760484,0.0028386318458797177,0.0034005246973538308,5.034362317090313e-05,0.00019367224925190385,0.0014880740435910412,2.3993347164567856e-06,0.0,0.000651152817217735,6.613651468114767e-05,0.0,5.9604529010570674e-05,0.0013802333443891257,0.0,0.0,2.764388045761734e-06,0.000946198050478415,0.0,7.01698074323076e-05,6.748805928282309e-05,9.750878210638802e-05,0.0,0.0,0.0,0.0,0.00044944738885874355,0.00047788170319563506,2.7692201547324655e-06,4.1204361878044435e-09,2.7060247521148996e-06,3.541526903516612e-08,0.0,0.0,0.0,0.0003326943160209339,0.000744235478923656,0.00021520906925616147,0.0008460173699859297,1.295969675197739e-05,0.0017268154252087697,0.0007493229399551638,0.0,0.0,0.0,0.0,0.0,7.414913676306867e-07,1.3610618427151167e-06,0.0,5.497584413376444e-06,0.0,5.318071926012635e-06,0.0,6.986291852626891e-05,0.0,5.3583110373818245e-05,0.0002882532594458098,1.6980296438973142e-06,0.0,0.0,2.8724112775648793e-05,0.000255619236631901,1.957727508397511e-05,0.0,0.0,0.0009732118362262554,0.0,0.0,0.0,0.0,0.0,0.0,0.0,1.7881928712171201e-06,1.2774032074958085e-06,0.0,1.1704373275733814e-06,0.0,1.334244845274668e-07,0.0,0.0,0.0,1.557621200873882e-05,0.0,0.0,0.00035854525869581265,0.0,0.0,3.316939517389983e-05,0.0,0.0030098765785805883,0.0,6.496093701571226e-06,0.0,0.0,0.00025907701882488254,0.0,3.1693949131295085e-06,0.0,5.738012316047758e-07,0.0,0.00021710159779104288,0.0,0.0,9.159925393760205e-06,0.0,0.0,1.3158670149095998e-05,5.17285525276634e-07,0.0,1.2461632837528213e-05,4.149386741199995e-09,0.00022504539547981038,0.00034317277156560523,0.0011736587256655185,0.0009918533975724131,0.0,0.0,0.0
2,0.0004130064759783636,7.250082713042616e-05,5.044896649436775e-10,0.0016017255154292798,0.00033073189979177187,0.0016356326185632498,0.0010068425467034104,0.000672668559000158,0.0012217985610936922,0.0034529597574146464,2.4256356077501096e-05,0.0001179649554427442,0.00032522332142512764,9.7091694077657e-07,0.0,0.0005097944774388452,3.4287543003301834e-05,0.0,3.675389190902934e-05,0.0005526419515081215,0.0,0.0,1.2799599790014326e-06,0.000250307229690101,0.0,5.823761315923548e-05,5.714624213851494e-05,7.901856740431867e-05,0.0,0.0,0.0,0.0,0.00048618069880831174,0.00046969317915682043,3.2758747693151235e-06,3.857447836708161e-09,3.043370088562369e-06,3.5754572318413834e-08,0.0,0.0,0.0,0.00023620565336553989,0.000541624706784205,0.00027870148431702546,0.00032824079193396474,2.594867718016758e-05,0.0008724749815883115,0.00015114683412007946,0.0,0.0,0.0,0.0,0.0,1.4006167005753413e-07,3.4173531792358603e-07,0.0,1.0874331283616812e-06,0.0,1.172666234197095e-06,0.0,8.215411813580431e-05,0.0,3.9915568698916104e-05,0.00018954725790536032,4.768170448921083e-07,0.0,0.0,2.5824577542081785e-05,0.0002600094339550196,6.971653066329964e-06,0.0,0.0,0.0007359297085031358,0.0,0.0,0.0,0.0,0.0,0.0,0.0,3.4701347458199193e-07,2.2482714484794996e-07,0.0,2.8745123117346336e-07,0.0,6.90667689928759e-08,0.0,0.0,0.0,3.0967392838476824e-06,0.0,0.0,0.00021017514205141197,0.0,0.0,3.82049148902297e-05,0.0,0.0011310526067973114,0.0,1.911020663101226e-06,0.0,0.0,0.00023283532558252774,0.0,7.53428612370044e-07,0.0,1.2738059080197317e-07,0.0,0.00011359061927123548,0.0,0.0,7.943763193907217e-08,0.0,0.0,6.347146920688829e-06,1.2370300134456613e-07,0.0,4.073378511861847e-06,3.3299357938068596e-09,6.978433570703046e-05,0.00011597142980278363,0.0009791674614643853,0.0002360800870316382,0.0,0.0,0.0
3,0.0,0.0,0.0,0.0,0.0,0.0,0.0,0.0,0.0,0.0,0.0,0.0,0.0,0.0,0.0,0.0,0.0,0.0,0.0,0.0,0.0,0.0,0.0,0.0,0.0,0.0,0.0,0.0,0.0,0.0,0.0,0.0,0.0,0.0,0.0,0.0,0.0,0.0,0.0,0.0,0.0,0.0,0.0,0.0,0.0,0.0,0.0,0.0,0.0,0.0,0.0,0.0,0.0,0.0,0.0,0.0,0.0,0.0,0.0,0.0,0.0,0.0,0.0,0.0,0.0,0.0,0.0,0.0,0.0,0.0,0.0,0.0,0.0,0.0,0.0,0.0,0.0,0.0,0.0,0.0,0.0,0.0,0.0,0.0,0.0,0.0,0.0,0.0,0.0,0.0,0.0,0.0,0.0,0.0,0.0,0.0,0.0,0.0,0.0,0.0,0.0,0.0,0.0,0.0,0.0,0.0,0.0,0.0,0.0,0.0,0.0,0.0,0.0,0.0,0.0,0.0,0.0,0.0,0.0,0.0,0.0,0.0,0.0,0.0,0.0,0.0
4,0.0,0.0,0.0,0.0,0.0,0.0,0.0,0.0,0.0,0.0,0.0,0.0,0.0,0.0,0.0,0.0,0.0,0.0,0.0,0.0,0.0,0.0,0.0,0.0,0.0,0.0,0.0,0.0,0.0,0.0,0.0,0.0,0.0,0.0,0.0,0.0,0.0,0.0,0.0,0.0,0.0,0.0,0.0,0.0,0.0,0.0,0.0,0.0,0.0,0.0,0.0,0.0,0.0,0.0,0.0,0.0,0.0,0.0,0.0,0.0,0.0,0.0,0.0,0.0,0.0,0.0,0.0,0.0,0.0,0.0,0.0,0.0,0.0,0.0,0.0,0.0,0.0,0.0,0.0,0.0,0.0,0.0,0.0,0.0,0.0,0.0,0.0,0.0,0.0,0.0,0.0,0.0,0.0,0.0,0.0,0.0,0.0,0.0,0.0,0.0,0.0,0.0,0.0,0.0,0.0,0.0,0.0,0.0,0.0,0.0,0.0,0.0,0.0,0.0,0.0,0.0,0.0,0.0,0.0,0.0,0.0,0.0,0.0,0.0,0.0,0.0
5,0.0014396581390974461,0.00020301560882872492,7.647693047076058e-10,0.0014127997596730779,0.0004419396483899618,0.0030999273297948092,0.001757945060635393,0.0016300463704101275,0.002893984613911016,0.0037427767377812417,5.344001584006719e-05,0.00019777630740691165,0.0015035430997727417,2.501019565864307e-06,0.0,0.0006470532737284884,6.700100949615262e-05,0.0,5.903134046860714e-05,0.0013972716010175646,0.0,0.0,2.805461990647018e-06,0.0009441192795929964,0.0,7.042167014617462e-05,6.824376294161993e-05,9.868276756606065e-05,0.0,0.0,0.0,0.0,0.0004582052449677576,0.0004782864823937416,4.292129306122661e-06,4.31351026008997e-09,3.010697037097998e-06,4.510147786351837e-08,0.0,0.0,0.0,0.00032831593012815573,0.0007914048490056302,0.00023876262419378236,0.0008629367862158688,2.4458170150865045e-05,0.0017552252544555814,0.000758172865898814,0.0,0.0,0.0,0.0,0.0,7.455171475179157e-07,1.3642466343100068e-06,0.0,5.577713885998037e-06,0.0,5.352972657419741e-06,0.0,7.96280774375191e-05,0.0,5.097075478829538e-05,0.0002898404756865602,1.702719821778942e-06,0.0,0.0,3.170376165826383e-05,0.0003218955290140002,1.9810310700449918e-05,0.0,0.0,0.0010053961399444234,0.0,0.0,0.0,0.0,0.0,0.0,0.0,1.795733463740845e-06,1.289728534175083e-06,0.0,1.1771005998184592e-06,0.0,1.363677135746144e-07,0.0,0.0,0.0,1.5913987791691397e-05,0.0,0.0,0.00037679848659536217,0.0,0.0,4.2549066711217166e-05,0.0,0.0030621743225492538,0.0,6.720948149450123e-06,0.0,0.0,0.0003123049163241376,0.0,3.215991018805653e-06,0.0,5.775586517131614e-07,0.0,0.00022945091587644128,0.0,0.0,9.18347155675292e-06,0.0,0.0,1.334988187863928e-05,5.363798054069946e-07,0.0,1.26936546143952e-05,4.272887509358149e-09,0.00022183077637691895,0.0003412092121834576,0.0011937329333022717,0.001003064997785259,0.0,0.0,0.0
6,0.0005461423241831653,9.229363390545587e-05,5.510075636150466e-10,0.0017179125204711454,0.000358660323819322,0.0018530267917412856,0.0011510028602697276,0.0007645625994337024,0.0014583414127923788,0.003718091984919738,2.8084809421429212e-05,0.00012879523436481577,0.00043041071856453784,1.130099892435038e-06,0.0,0.0005637209916403663,3.8214981258875014e-05,0.0,4.100178465964888e-05,0.0006653990581980907,0.0,0.0,1.5159498434513807e-06,0.00032131848712651845,0.0,6.246986613604121e-05,6.179357940482078e-05,8.60417246497036e-05,0.0,0.0,0.0,0.0,0.0004833238753008118,0.0004688833865657216,3.550864057615399e-06,4.110401619072945e-09,3.4426744241500274e-06,3.8540967431943684e-08,0.0,0.0,0.0,0.00027469983095215864,0.000608842401416041,0.0003050331761551206,0.0003940190049209491,2.7715225537576772e-05,0.0010301417867594864,0.00020554137512522884,0.0,0.0,0.0,0.0,0.0,2.129432009034815e-07,4.7240294127393056e-07,0.0,1.5533144254220589e-06,0.0,1.5915131371002644e-06,0.0,9.057551797468477e-05,0.0,4.582158983907902e-05,0.0002151849220570057,5.653934326588228e-07,0.0,0.0,2.8755674118130514e-05,0.0002877367730543412,8.575069469998198e-06,0.0,0.0,0.0007971836715933023,0.0,0.0,0.0,0.0,0.0,0.0,0.0,4.941942419023348e-07,2.7289755962556226e-07,0.0,3.738872830183482e-07,0.0,7.660002069087568e-08,0.0,0.0,0.0,4.2824395552543135e-06,0.0,0.0,0.00023826620011277555,0.0,0.0,4.2635606369003654e-05,0.0,0.0013694381119057652,0.0,2.2219253878574817e-06,0.0,0.0,0.0002572269413803951,0.0,9.726997814141214e-07,0.0,1.6080006485452713e-07,0.0,0.0001341495144856708,0.0,0.0,2.0617577320081182e-07,0.0,0.0,7.53812793391262e-06,1.5376074610884416e-07,0.0,4.78052767761028e-06,3.635177189455913e-09,7.355135147349756e-05,0.00014374432129216075,0.001066256637850529,0.0003088821086670634,0.0,0.0,0.0
7,0.0,0.0,0.0,0.0,0.0,0.0,0.0,0.0,0.0,0.0,0.0,0.0,0.0,0.0,0.0,0.0,0.0,0.0,0.0,0.0,0.0,0.0,0.0,0.0,0.0,0.0,0.0,0.0,0.0,0.0,0.0,0.0,0.0,0.0,0.0,0.0,0.0,0.0,0.0,0.0,0.0,0.0,0.0,0.0,0.0,0.0,0.0,0.0,0.0,0.0,0.0,0.0,0.0,0.0,0.0,0.0,0.0,0.0,0.0,0.0,0.0,0.0,0.0,0.0,0.0,0.0,0.0,0.0,0.0,0.0,0.0,0.0,0.0,0.0,0.0,0.0,0.0,0.0,0.0,0.0,0.0,0.0,0.0,0.0,0.0,0.0,0.0,0.0,0.0,0.0,0.0,0.0,0.0,0.0,0.0,0.0,0.0,0.0,0.0,0.0,0.0,0.0,0.0,0.0,0.0,0.0,0.0,0.0,0.0,0.0,0.0,0.0,0.0,0.0,0.0,0.0,0.0,0.0,0.0,0.0,0.0,0.0,0.0,0.0,0.0,0.0
8,0.0013935926778503927,0.00019786058279095187,6.830974657952071e-10,0.0013326287290146865,0.00042706614474809614,0.0030331723225026507,0.0017051945056982731,0.0015864145600744451,0.0028297192681930026,0.0036998126446269454,5.113828011587884e-05,0.00019283032703242497,0.001455060964981385,2.398824380787923e-06,0.0,0.0006533669392956654,6.651172092233537e-05,0.0,5.923424301045088e-05,0.0013685209507821128,0.0,0.0,2.8306557214818894e-06,0.000914980542866033,0.0,7.211668157140138e-05,6.80827966675679e-05,9.814487744961298e-05,0.0,0.0,0.0,0.0,0.0004320200273787123,0.00045537563723883066,4.052187432534993e-06,4.358396097359218e-09,2.7380815299693495e-06,4.496497161832203e-08,0.0,0.0,0.0,0.000331477445542987,0.0007698834342590999,0.00023543676355529896,0.0008401452370890184,2.1618871410282737e-05,0.0017254289583070203,0.0007327209576033055,0.0,0.0,0.0,0.0,0.0,7.217875717024924e-07,1.323991162536231e-06,0.0,5.383415470561204e-06,0.0,5.202151951380074e-06,0.0,7.70457504722799e-05,0.0,5.248892518864068e-05,0.0002875097990499853,1.659211457969434e-06,0.0,0.0,3.084763570967652e-05,0.00030473692295345244,1.946443522683694e-05,0.0,0.0,0.0010033467725293122,0.0,0.0,0.0,0.0,0.0,0.0,0.0,1.7395986264467922e-06,1.244005688931793e-06,0.0,1.1452067033701497e-06,0.0,1.3052002263869157e-07,0.0,0.0,0.0,1.537807989848261e-05,0.0,0.0,0.00036687466787498123,0.0,0.0,3.744908492080867e-05,0.0,0.002977623664191924,0.0,6.5344659378752115e-06,0.0,0.0,0.00029325252794023984,0.0,3.1129186390899124e-06,0.0,5.602225095202584e-07,0.0,0.0002206214222678682,0.0,0.0,8.878327207639813e-06,0.0,0.0,1.3196613640502619e-05,5.189016230744415e-07,0.0,1.2461961131293719e-05,4.275560791542959e-09,0.00021687963221211248,0.0003325019006479124,0.0011975334941416805,0.0009723131865030154,0.0,0.0,0.0
9,0.0,0.0,0.0,0.0,0.0,0.0,0.0,0.0,0.0,0.0,0.0,0.0,0.0,0.0,0.0,0.0,0.0,0.0,0.0,0.0,0.0,0.0,0.0,0.0,0.0,0.0,0.0,0.0,0.0,0.0,0.0,0.0,0.0,0.0,0.0,0.0,0.0,0.0,0.0,0.0,0.0,0.0,0.0,0.0,0.0,0.0,0.0,0.0,0.0,0.0,0.0,0.0,0.0,0.0,0.0,0.0,0.0,0.0,0.0,0.0,0.0,0.0,0.0,0.0,0.0,0.0,0.0,0.0,0.0,0.0,0.0,0.0,0.0,0.0,0.0,0.0,0.0,0.0,0.0,0.0,0.0,0.0,0.0,0.0,0.0,0.0,0.0,0.0,0.0,0.0,0.0,0.0,0.0,0.0,0.0,0.0,0.0,0.0,0.0,0.0,0.0,0.0,0.0,0.0,0.0,0.0,0.0,0.0,0.0,0.0,0.0,0.0,0.0,0.0,0.0,0.0,0.0,0.0,0.0,0.0,0.0,0.0,0.0,0.0,0.0,0.0
10,0.0013801650801178766,0.00019536352934117928,7.407444863241885e-10,0.001386405661687604,0.000430231654063391,0.002994492040379555,0.0017011770236422309,0.0015617733058752492,0.0027906556023663143,0.003657056306838058,5.137044984763861e-05,0.00019049336733814926,0.0014418393831510912,2.4070154321906985e-06,0.0,0.0006295649375169887,6.467408456614976e-05,0.0,5.7082568392559094e-05,0.001346126353018917,0.0,0.0,2.7004687581211327e-06,0.0009037732039109869,0.0,6.849372374972517e-05,6.638424747734461e-05,9.588666312652095e-05,0.0,0.0,0.0,0.0,0.00044070824186746903,0.0004594254974836076,4.167526494711637e-06,4.201741603537812e-09,2.9569862090284007e-06,4.3841306165415265e-08,0.0,0.0,0.0,0.00031887257584457986,0.0007672295525844675,0.00023516601589903985,0.0008305950828798814,2.3991036216557403e-05,0.0016938610753277317,0.0007265834134886972,0.0,0.0,0.0,0.0,0.0,7.144244202805794e-07,1.3087173794446016e-06,0.0,5.349593233034966e-06,0.0,5.134568200446666e-06,0.0,7.743528780338238e-05,0.0,4.945506167587155e-05,0.00028050512196159616,1.6345793804362075e-06,0.0,0.0,3.0783480713694186e-05,0.00031451387258130126,1.906796529510757e-05,0.0,0.0,0.0009724238886245474,0.0,0.0,0.0,0.0,0.0,0.0,0.0,1.7207646228634132e-06,1.2356616207398475e-06,0.0,1.1297951269284568e-06,0.0,1.314127762697126e-07,0.0,0.0,0.0,1.5259741165323248e-05,0.0,0.0,0.00036463708721839794,0.0,0.0,4.1600208496674896e-05,0.0,0.002947082762257196,0.0,6.458224379457533e-06,0.0,0.0,0.00030311420939142407,0.0,3.08826332911849e-06,0.0,5.538341849842254e-07,0.0,0.00022153547259222252,0.0,0.0,8.761087083257734e-06,0.0,0.0,1.2864965722201305e-05,5.1458444225716e-07,0.0,1.2204319620536808e-05,4.165998470826403e-09,0.0002097992446988428,0.00032710944843529434,0.0011626886480917164,0.0009621840322506614,0.0,0.0,0.0
11,0.0015902175837618415,0.00022910605328661405,8.843605681549643e-10,0.001901991307422577,0.0005183701234460614,0.0035577306995401158,0.002036555779632181,0.0017964643243021782,0.003287073064566357,0.004559120975463884,6.038350322370434e-05,0.00022350492752885032,0.0016709212264686356,2.7979567202737753e-06,0.0,0.0007688281446735346,7.600876590686311e-05,0.0,6.702536691847172e-05,0.001577078010304831,0.0,0.0,3.1057526939548554e-06,0.0010292295356339309,0.0,8.285342048850453e-05,8.421060135788139e-05,0.00012026649998460926,0.0,0.0,0.0,0.0,0.0005321901923252881,0.000546699911064934,5.1386089762672785e-06,4.9965478865487965e-09,4.276902182027697e-06,5.241541363720792e-08,0.0,0.0,0.0,0.00038584283993259305,0.0009368782720412127,0.0003157799517407511,0.0009715887955098879,3.34053148253588e-05,0.001994723613606766,0.0008395176392514259,0.0,0.0,0.0,0.0,0.0,8.241071085635099e-07,1.5146901344564867e-06,0.0,6.22791447838722e-06,0.0,5.934608052484691e-06,0.0,9.818512216497766e-05,0.0,6.127142558966625e-05,0.0003305594071207452,1.8927384814038107e-06,0.0,0.0,3.907967280213143e-05,0.0003949562059642631,2.2186255331462236e-05,0.0,0.0,0.001155783642479946,0.0,0.0,0.0,0.0,0.0,0.0,0.0,1.979805081298025e-06,1.4262291369959712e-06,0.0,1.312065545349128e-06,0.0,1.5899247691963935e-07,0.0,0.0,0.0,1.7750546779211617e-05,0.0,0.0,0.0004317604408470288,0.0,0.0,5.628630286082625e-05,0.0,0.0034641870856285096,0.0,7.554973708465696e-06,0.0,0.0,0.0003731712505214091,0.0,3.575089212972671e-06,0.0,6.397281394865395e-07,0.0,0.000264119473986284,0.0,0.0,9.937392314895988e-06,0.0,0.0,1.5140284526751202e-05,5.916198074196188e-07,0.0,1.4149887124119686e-05,5.069712171500498e-09,0.00022223671354922202,0.0003712002605118414,0.0014156045986783283,0.0011130871161003598,0.0,0.0,0.0
12,0.0006448407633797615,0.0001093471149617642,5.040381154033241e-10,0.0015742692863568663,0.0003314176344065345,0.0018617491093755234,0.001156100390580832,0.0008314314673225453,0.0015415882254364987,0.0033617773673904595,3.1332632851786e-05,0.00011863888122888966,0.0005392565552227779,1.2122933017751082e-06,0.0,0.0005264719808405971,3.9939545199558776e-05,0.0,3.8336569010084534e-05,0.000708511247739807,0.0,0.0,1.6039019101299346e-06,0.0004078508765451261,0.0,5.528174012823684e-05,5.686650331199417e-05,7.938801792306549e-05,0.0,0.0,0.0,0.0,0.0004127389893051259,0.0003998405772267688,3.2949529122561217e-06,3.539981605626963e-09,3.361295748618431e-06,3.4458960478378485e-08,0.0,0.0,0.0,0.0002583309480542084,0.0006014525716454955,0.00028876341678824247,0.0004377055762324744,2.4862660156941275e-05,0.0010592578220530414,0.0002623956302886654,0.0,0.0,0.0,0.0,0.0,4.046415527803049e-07,5.774881396902742e-07,0.0,2.229165496956398e-06,0.0,2.2726616589352488e-06,0.0,8.720041398191825e-05,0.0,4.239917794592429e-05,0.00020194635572806874,6.219994858192024e-07,0.0,0.0,2.5609511014295093e-05,0.000272833671049284,9.839764559274044e-06,0.0,0.0,0.0007233240004734398,0.0,0.0,0.0,0.0,0.0,0.0,0.0,6.047289854826942e-07,3.4368320484645664e-07,0.0,3.968365949447161e-07,0.0,7.415538416211121e-08,0.0,0.0,0.0,5.8697740168156545e-06,0.0,0.0,0.00024165943608295493,0.0,0.0,3.996485844254494e-05,0.0,0.0015222628747869748,0.0,2.4904333986341953e-06,0.0,0.0,0.0002394798904470008,0.0,1.5441334107890724e-06,0.0,1.8932359045376045e-07,0.0,0.00014241327664194615,0.0,0.0,2.8424247284419835e-06,0.0,0.0,8.352149698112044e-06,1.8139678367390389e-07,0.0,5.287756633691742e-06,3.3970902324660656e-09,7.674299327703693e-05,0.00016434905211667683,0.000975539456635488,0.00037382651521056687,0.0,0.0,0.0
13,0.0014850323358768947,0.00021017801895453658,7.935430457638377e-10,0.0014845944762600994,0.00046195811482903083,0.003221403454335814,0.0018292462628960492,0.0016826542146736755,0.0030012540261668617,0.003927310311992187,5.5283201798204116e-05,0.0002049214189094073,0.0015513132207888702,2.5892215473759946e-06,0.0,0.0006773468548954043,6.962781135484875e-05,0.0,6.147894234231899e-05,0.0014479298755759374,0.0,0.0,2.908322203438729e-06,0.0009726863584091916,0.0,7.374623529983637e-05,7.151034262733446e-05,0.00010327063231898137,0.0,0.0,0.0,0.0,0.00047336126525806323,0.0004934035707901785,4.476141475606709e-06,4.4702312607114436e-09,3.1332270009443164e-06,4.72506086168778e-08,0.0,0.0,0.0,0.00034313108404603553,0.0008240743337955791,0.0002518019749457778,0.0008935895143804373,2.5713068937420757e-05,0.0018224839633330702,0.0007817410019924864,0.0,0.0,0.0,0.0,0.0,7.688224419943879e-07,1.4084012199333528e-06,0.0,5.756853742013846e-06,0.0,5.525772576220334e-06,0.0,8.29309693108371e-05,0.0,5.361124429555275e-05,0.00030191418709137,1.757501982702081e-06,0.0,0.0,3.3112833924064945e-05,0.0003371075235554599,2.052439023827901e-05,0.0,0.0,0.0010475536779586036,0.0,0.0,0.0,0.0,0.0,0.0,0.0,1.8524687599352774e-06,1.3296630640979856e-06,0.0,1.2158690503838442e-06,0.0,1.4146445504348292e-07,0.0,0.0,0.0,1.6421360770380032e-05,0.0,0.0,0.0003922359305624923,0.0,0.0,4.4285549083724615e-05,0.0,0.0031695414974819867,0.0,6.951599498279393e-06,0.0,0.0,0.00032539929532504174,0.0,3.3221152261830865e-06,0.0,5.960046378294948e-07,0.0,0.00023805790719507057,0.0,0.0,9.422851144336164e-06,0.0,0.0,1.3849257852598384e-05,5.537747863826325e-07,0.0,1.3137726953118544e-05,4.432511536462021e-09,0.00022646511732091312,0.0003521619397861286,0.001250013557901184,0.0010352452643564902,0.0,0.0,0.0
14,0.0006496852515556384,0.00011010898838321736,5.456431135710666e-10,0.0016890019117272459,0.0003549331702402014,0.0019461986210080795,0.0012085148532241874,0.0008589858690538676,0.0015852261329700923,0.0036266406300273957,3.302653054717553e-05,0.00012424212547557545,0.0005214598558171701,1.2279918375058748e-06,0.0,0.0005627052416184597,4.0337492131357066e-05,0.0,4.075809121886209e-05,0.0007256873847836687,0.0,0.0,1.674927189014852e-06,0.0003992833739357593,0.0,6.0154417276976346e-05,6.09979110936365e-05,8.51621922333834e-05,0.0,0.0,0.0,0.0,0.0004462952955327637,0.00043157489999885,3.5564418067224325e-06,3.88364782111239e-09,3.5421597567619755e-06,3.738881274473194e-08,0.0,0.0,0.0,0.0002794523549528094,0.0006322418642957928,0.00030716129498955527,0.0004429834415896039,2.6727336639851273e-05,0.0011100117786554619,0.0002531774075937321,0.0,0.0,0.0,0.0,0.0,3.866616481396079e-07,5.685308953040646e-07,0.0,2.0868950912245056e-06,0.0,2.0329296239651738e-06,0.0,9.212930584908464e-05,0.0,4.6094874085156336e-05,0.00021920950833646203,6.557169771426175e-07,0.0,0.0,2.7677985779774873e-05,0.00028987015013740345,9.775252106010158e-06,0.0,0.0,0.0007880449009644508,0.0,0.0,0.0,0.0,0.0,0.0,0.0,5.830363023573426e-07,3.3509055356262254e-07,0.0,4.046275113722686e-07,0.0,7.989768374905281e-08,0.0,0.0,0.0,5.497313183866482e-06,0.0,0.0,0.00024856541659119103,0.0,0.0,4.270379664376378e-05,0.0,0.0015495071864279452,0.0,2.4213234428316353e-06,0.0,0.0,0.000256576640572348,0.0,1.4817103510722518e-06,0.0,1.8194790494696632e-07,0.0,0.00014506572972095455,0.0,0.0,1.4270284736994653e-06,0.0,0.0,8.561487584302086e-06,1.716461530421043e-07,0.0,5.224635128655564e-06,3.619309085151415e-09,8.360005928039982e-05,0.00017079152691621858,0.0010477818384470082,0.00036645548120617377,0.0,0.0,0.0
15,0.00043453246388708066,7.598723870373191e-05,5.019168479847411e-10,0.0016035905602620915,0.00033162041210744065,0.0016540770369101664,0.0010218423864716897,0.0006853659078478814,0.0012484913564333056,0.0034571248840074985,2.450894403253301e-05,0.0001190984879735879,0.0003399015714827414,9.775363922494978e-07,0.0,0.0005129099580062757,3.426135818983766e-05,0.0,3.724764088815391e-05,0.0005652130891394335,0.0,0.0,1.2749199231620878e-06,0.0002575567750720609,0.0,5.7917018290538634e-05,5.720622710100542e-05,7.916860242801249e-05,0.0,0.0,0.0,0.0,0.0004780810672309599,0.0004617537517765413,3.2578405807726086e-06,3.852642862511857e-09,3.090721074840985e-06,3.554717857956469e-08,0.0,0.0,0.0,0.0002456825372721028,0.0005486788888811134,0.00028318803010279225,0.00033576616192483756,2.5914819184436054e-05,0.0008885305751755368,0.00015922627844501048,0.0,0.0,0.0,0.0,0.0,1.488305669283818e-07,3.611331688224695e-07,0.0,1.1618378419342434e-06,0.0,1.183884378406219e-06,0.0,8.293437344946142e-05,0.0,4.056173939488872e-05,0.00019444112175847294,4.753202808283063e-07,0.0,0.0,2.589339214821962e-05,0.0002613560117765701,7.1263002587329534e-06,0.0,0.0,0.0007368116666202695,0.0,0.0,0.0,0.0,0.0,0.0,0.0,3.737965097716511e-07,2.355705692025367e-07,0.0,2.969995464496833e-07,0.0,6.838454263302652e-08,0.0,0.0,0.0,3.234506442879592e-06,0.0,0.0,0.0002131321008755549,0.0,0.0,3.827874665148556e-05,0.0,0.0011701250390979113,0.0,1.9256211817264556e-06,0.0,0.0,0.0002334154619666151,0.0,7.885075319791212e-07,0.0,1.260633721833493e-07,0.0,0.0001157614955536701,0.0,0.0,5.577348019869532e-08,0.0,0.0,6.452854554481746e-06,1.3131035726310357e-07,0.0,4.091868216278272e-06,3.344054372508842e-09,7.055237577858975e-05,0.00011799710125046659,0.0009817059273973428,0.0002457926829603707,0.0,0.0,0.0
16,0.0,0.0,0.0,0.0,0.0,0.0,0.0,0.0,0.0,0.0,0.0,0.0,0.0,0.0,0.0,0.0,0.0,0.0,0.0,0.0,0.0,0.0,0.0,0.0,0.0,0.0,0.0,0.0,0.0,0.0,0.0,0.0,0.0,0.0,0.0,0.0,0.0,0.0,0.0,0.0,0.0,0.0,0.0,0.0,0.0,0.0,0.0,0.0,0.0,0.0,0.0,0.0,0.0,0.0,0.0,0.0,0.0,0.0,0.0,0.0,0.0,0.0,0.0,0.0,0.0,0.0,0.0,0.0,0.0,0.0,0.0,0.0,0.0,0.0,0.0,0.0,0.0,0.0,0.0,0.0,0.0,0.0,0.0,0.0,0.0,0.0,0.0,0.0,0.0,0.0,0.0,0.0,0.0,0.0,0.0,0.0,0.0,0.0,0.0,0.0,0.0,0.0,0.0,0.0,0.0,0.0,0.0,0.0,0.0,0.0,0.0,0.0,0.0,0.0,0.0,0.0,0.0,0.0,0.0,0.0,0.0,0.0,0.0,0.0,0.0,0.0
17,0.0004819000461520773,8.154533583081047e-05,5.021466858493832e-10,0.0015866291347629159,0.00032952943499026333,0.0016858746049001638,0.00104286613856857,0.0006984624438700848,0.0013148676082187195,0.003424283981876215,2.533658539292105e-05,0.00011836383727228394,0.00038044906331933246,1.0360960960599519e-06,0.0,0.0005160165889992641,3.475376308244904e-05,0.0,3.75232489670907e-05,0.000598381161071302,0.0,0.0,1.3501809735316783e-06,0.00028593597249013667,0.0,5.7276843373870176e-05,5.681311681883017e-05,7.887210731155392e-05,0.0,0.0,0.0,0.0,0.0004517527186362713,0.00043726442199840674,3.254396142438054e-06,3.791177505263477e-09,3.1557852344121784e-06,3.5398941822251115e-08,0.0,0.0,0.0,0.00025049855188171935,0.0005554783889965619,0.0002821400925313355,0.0003546874084999274,2.5575008621672168e-05,0.0009300095283833798,0.0001807485617648563,0.0,0.0,0.0,0.0,0.0,1.8810655797452113e-07,4.24561688994185e-07,0.0,1.3474078161834769e-06,0.0,1.4151880168356e-06,0.0,8.352315794581954e-05,0.0,4.136762386565351e-05,0.00019586539506804,5.172511977313832e-07,0.0,0.0,2.6337511656571165e-05,0.0002629312444037168,7.69252122722719e-06,0.0,0.0,0.0007315808917610411,0.0,0.0,0.0,0.0,0.0,0.0,0.0,4.367846157560251e-07,2.494514956197236e-07,0.0,3.248287603696554e-07,0.0,7.042063294271372e-08,0.0,0.0,0.0,3.7525903044866025e-06,0.0,0.0,0.00021592194289496547,0.0,0.0,3.891888307407498e-05,0.0,0.0012330533620115603,0.0,2.0179054990876467e-06,0.0,0.0,0.00023471383949072333,0.0,8.782840450294316e-07,0.0,1.4233653597539586e-07,0.0,0.00012122925944936469,0.0,0.0,1.281683307752246e-07,0.0,0.0,6.747688344148628e-06,1.3642567334493094e-07,0.0,4.3417727961525545e-06,3.3311249488833516e-09,6.886149298694021e-05,0.0001256436094968194,0.0009783304128632153,0.00027353974430127437,0.0,0.0,0.0
18,0.0005313078807012062,9.130949449854597e-05,5.446269238821113e-10,0.001739412597307819,0.00035937794873007077,0.0018413553207574295,0.0011461836881244381,0.0007603258950621239,0.0014512911860970234,0.003738789521594299,2.7554569501120342e-05,0.00012963034667876628,0.00042362551135250115,1.115445350018951e-06,0.0,0.0005647727933137503,3.7921134795624314e-05,0.0,4.066347662892156e-05,0.000660127671144437,0.0,0.0,1.4868690050207079e-06,0.000315165393704433,0.0,6.231901149590157e-05,6.191902656837555e-05,8.606909559205178e-05,0.0,0.0,0.0,0.0,0.0004947819454719138,0.0004792459724467335,3.5510468296706675e-06,4.104830111373303e-09,3.4937231248477476e-06,3.8419915742160526e-08,0.0,0.0,0.0,0.0002743684812094216,0.0006092881992663024,0.0003112817161854764,0.0003892837981151587,2.793441288304166e-05,0.001020747995498823,0.00020140991377878947,0.0,0.0,0.0,0.0,0.0,2.079543246313875e-07,4.6260979876144857e-07,0.0,1.547937766162022e-06,0.0,1.563348778290674e-06,0.0,9.167392334802571e-05,0.0,4.584914695101361e-05,0.000213155525439106,5.562951396953509e-07,0.0,0.0,2.8691836248597723e-05,0.0002884433560655708,8.490038550235112e-06,0.0,0.0,0.000792583804889091,0.0,0.0,0.0,0.0,0.0,0.0,0.0,4.82472121134947e-07,2.674782444955781e-07,0.0,3.756583219427512e-07,0.0,7.660431742273487e-08,0.0,0.0,0.0,4.226020038800016e-06,0.0,0.0,0.00023691281919127505,0.0,0.0,4.2969740461558105e-05,0.0,0.0013539269953980692,0.0,2.205587807111442e-06,0.0,0.0,0.00025674241490378333,0.0,9.579122706782072e-07,0.0,1.5766773386438615e-07,0.0,0.00013288712991311514,0.0,0.0,1.553502443130128e-07,0.0,0.0,7.444386585575557e-06,1.5140846526762175e-07,0.0,4.723231989061105e-06,3.6371075156672873e-09,7.780795844837485e-05,0.00013981454998202025,0.0010665489871007595,0.00030344941733815743,0.0,0.0,0.0
19,0.0014435449066149885,0.0002062522972173042,7.760767752503899e-10,0.0014912281928536686,0.0004631803279426094,0.003182969283834609,0.001810236777546379,0.001638276969351864,0.0029533032286417436,0.003969944888667669,5.3944286724458836e-05,0.00020174039123276087,0.001508263913110568,2.5343276464548717e-06,0.0,0.0006830563068706397,6.907195137955568e-05,0.0,6.113379826331312e-05,0.0014227886986918747,0.0,0.0,2.870214229915291e-06,0.0009436971029208507,0.0,7.433432960397113e-05,7.175350443048955e-05,0.00010337415463141042,0.0,0.0,0.0,0.0,0.00045998194023923135,0.00047843580670814845,4.440725897438824e-06,4.5333902676247814e-09,3.0605347274104133e-06,4.7767601017989494e-08,0.0,0.0,0.0,0.000344379251000646,0.0008192181844788138,0.00025879889062252915,0.0008763711203209823,2.5126154974373093e-05,0.001800363381044008,0.0007589339851983823,0.0,0.0,0.0,0.0,0.0,7.465760152669531e-07,1.3719114410548628e-06,0.0,5.6008750736680216e-06,0.0,5.379754584282636e-06,0.0,8.244969985753414e-05,0.0,5.378784454734387e-05,0.0002993066576664205,1.7135224760522761e-06,0.0,0.0,3.293280618038352e-05,0.0003369816963095218,2.017350429923681e-05,0.0,0.0,0.0010456961015734123,0.0,0.0,0.0,0.0,0.0,0.0,0.0,1.7978095691084662e-06,1.2880699068773539e-06,0.0,1.185332520492466e-06,0.0,1.378499608542527e-07,0.0,0.0,0.0,1.5951573180075228e-05,0.0,0.0,0.0003896220401293249,0.0,0.0,4.40975814126432e-05,0.0,0.0031057647906709463,0.0,6.807425525039434e-06,0.0,0.0,0.00032364978164878266,0.0,3.23465617839247e-06,0.0,5.798751712937645e-07,0.0,0.00023385725812659076,0.0,0.0,9.018428390845657e-06,0.0,0.0,1.3674705596713466e-05,5.396844688121405e-07,0.0,1.2872520904068096e-05,4.44088729021578e-09,0.0002157304192223819,0.000342989324684595,0.0012616289595416674,0.001007677809393499,0.0,0.0,0.0
20,0.0013732580049327224,0.00019203420121783666,4.83939924229164e-10,0.0011135380877112767,0.0003545100798646672,0.0028134920515003616,0.0015442479023477062,0.0015709835247889714,0.0026962548929986953,0.0030267794820247216,4.814333867400933e-05,0.00018436522626643636,0.0014332769662723877,2.289423305971983e-06,0.0,0.0006034776881620018,6.272354762700161e-05,0.0,5.5954089742158434e-05,0.0013130400149384514,0.0,0.0,2.6640575379133227e-06,0.0009182500153110595,0.0,6.362978539073083e-05,6.272428091733673e-05,9.093847212398032e-05,0.0,0.0,0.0,0.0,0.00044121212519712574,0.0004696653050086752,2.572597295511514e-06,3.734532185717399e-09,2.562375375418924e-06,3.0886021538112375e-08,0.0,0.0,0.0,0.0003102330827823607,0.0006923712782736402,0.000193807531109087,0.0008043353879475034,1.1775817753800766e-05,0.0016321981931105257,0.0007234329858329147,0.0,0.0,0.0,0.0,0.0,7.165001711229024e-07,1.3134992393304401e-06,0.0,5.279485655478311e-06,0.0,5.110569763928652e-06,0.0,6.460291844177846e-05,0.0,4.9031282782721066e-05,0.0002711330145439206,1.6354202955426445e-06,0.0,0.0,2.5435989760467235e-05,0.00022588076498323062,1.8742439306151936e-05,0.0,0.0,0.0008961201661600171,0.0,0.0,0.0,0.0,0.0,0.0,0.0,1.7203560023837383e-06,1.236240495927632e-06,0.0,1.1287855417663195e-06,0.0,1.258647445112615e-07,0.0,0.0,0.0,1.493781280373696e-05,0.0,0.0,0.0003344598552212119,0.0,0.0,3.097512759268284e-05,0.0,0.0028734429518226536,0.0,6.180523196235299e-06,0.0,0.0,0.00023385988126847223,0.0,3.0224854708649217e-06,0.0,5.529922305758106e-07,0.0,0.00020585872123774607,0.0,0.0,8.90537048690021e-06,0.0,0.0,1.2492543132793799e-05,4.998900576325128e-07,0.0,1.1995129301567432e-05,3.819538169184955e-09,0.0002199457962433371,0.00033121966708847593,0.00107762635985182,0.000955035685619805,0.0,0.0,0.0
21,0.0,0.0,0.0,0.0,0.0,0.0,0.0,0.0,0.0,0.0,0.0,0.0,0.0,0.0,0.0,0.0,0.0,0.0,0.0,0.0,0.0,0.0,0.0,0.0,0.0,0.0,0.0,0.0,0.0,0.0,0.0,0.0,0.0,0.0,0.0,0.0,0.0,0.0,0.0,0.0,0.0,0.0,0.0,0.0,0.0,0.0,0.0,0.0,0.0,0.0,0.0,0.0,0.0,0.0,0.0,0.0,0.0,0.0,0.0,0.0,0.0,0.0,0.0,0.0,0.0,0.0,0.0,0.0,0.0,0.0,0.0,0.0,0.0,0.0,0.0,0.0,0.0,0.0,0.0,0.0,0.0,0.0,0.0,0.0,0.0,0.0,0.0,0.0,0.0,0.0,0.0,0.0,0.0,0.0,0.0,0.0,0.0,0.0,0.0,0.0,0.0,0.0,0.0,0.0,0.0,0.0,0.0,0.0,0.0,0.0,0.0,0.0,0.0,0.0,0.0,0.0,0.0,0.0,0.0,0.0,0.0,0.0,0.0,0.0,0.0,0.0
22,0.00033928553257283055,6.0933185740168486e-05,4.3151461360651244e-10,0.0013979616251162952,0.00028635238205652056,0.001398563463735627,0.0008628019665775355,0.0005840288466515631,0.0010366804690829668,0.0029983450111467393,2.0212450336360988e-05,0.00010153661915182966,0.0002688415246735687,8.326096934923449e-07,0.0,0.00044027172623827937,2.9479340148554912e-05,0.0,3.1447249950815605e-05,0.00046761991892708466,0.0,0.0,1.081377049558796e-06,0.000209611841137729,0.0,5.0337442394265965e-05,4.946277928070231e-05,6.828373897292294e-05,0.0,0.0,0.0,0.0,0.0004328493861612515,0.00041777488271236505,2.842047542799264e-06,3.348585551066208e-09,2.666199579834938e-06,3.094198854580732e-08,0.0,0.0,0.0,0.00020182712195421004,0.00046686930290888994,0.00024386672506807372,0.00027716111123716303,2.262983726723178e-05,0.0007404890593898017,0.00012386168610505343,0.0,0.0,0.0,0.0,0.0,1.1384568734840173e-07,2.931568866659795e-07,0.0,9.206890383950394e-07,0.0,1.0089147690450773e-06,0.0,7.164485152770795e-05,0.0,3.457759974793362e-05,0.00016184208051583937,4.0034709215319707e-07,0.0,0.0,2.2423237379243234e-05,0.00022489451696401376,5.908806772083608e-06,0.0,0.0,0.0006355796797038238,0.0,0.0,0.0,0.0,0.0,0.0,0.0,2.7054877754562057e-07,1.8671818907023408e-07,0.0,2.4753303936364544e-07,0.0,5.991068130484223e-08,0.0,0.0,0.0,2.562899878597591e-06,0.0,0.0,0.00018046788265564827,0.0,0.0,3.313711727969348e-05,0.0,0.000952202195803693,0.0,1.5780163812451066e-06,0.0,0.0,0.00019975288771547639,0.0,6.349861359922215e-07,0.0,1.0681132963874518e-07,0.0,9.75248067220491e-05,0.0,0.0,1.3771848898613824e-07,0.0,0.0,5.352875716653216e-06,1.0377084109336465e-07,0.0,3.5104579323785856e-06,2.870611712085802e-09,6.291084489017607e-05,9.548350798127103e-05,0.000846692728700873,0.00019517968458210077,0.0,0.0,0.0
23,0.0006339239639783045,0.00010799649123100608,5.420888714684755e-10,0.00170150654783356,0.00035417026438267385,0.00192922631293186,0.0011983175300701986,0.0008417996675598261,0.0015711713851987953,0.003643261384640937,3.2481704986224715e-05,0.00012552004683413998,0.0005097925465810249,1.2160319672461714e-06,0.0,0.0005633374953322346,3.97536704082313e-05,0.0,4.063145155214443e-05,0.0007174847395890537,0.0,0.0,1.6616223729215563e-06,0.0003867678618598802,0.0,6.018153030936446e-05,6.116896719731812e-05,8.531507664883975e-05,0.0,0.0,0.0,0.0,0.00045441191641657495,0.0004396556304345722,3.557382442522794e-06,3.887717241468636e-09,3.5473059688229115e-06,3.734585116710321e-08,0.0,0.0,0.0,0.00027919309404751403,0.0006300858225586125,0.0003104426813115424,0.00043504572511665173,2.6860678625553193e-05,0.0010978740057908,0.00024670435815480116,0.0,0.0,0.0,0.0,0.0,3.5159677738150206e-07,5.63905545023502e-07,0.0,2.0491623886442767e-06,0.0,1.9789933867286893e-06,0.0,9.253937777884857e-05,0.0,4.614625215083379e-05,0.00021727245299189236,6.441188719641389e-07,0.0,0.0,2.784258847100318e-05,0.0002895920920093431,9.566742065771904e-06,0.0,0.0,0.0007855907886369095,0.0,0.0,0.0,0.0,0.0,0.0,0.0,5.600251440363024e-07,3.323625060147606e-07,0.0,3.9848908144790585e-07,0.0,7.953950587946679e-08,0.0,0.0,0.0,5.4636333604207725e-06,0.0,0.0,0.00024692176566986745,0.0,0.0,4.286305513232947e-05,0.0,0.0015249863198550885,0.0,2.3716193391010166e-06,0.0,0.0,0.0002564737042985144,0.0,1.408691896358505e-06,0.0,1.7600420297192442e-07,0.0,0.00014305729235047693,0.0,0.0,1.1727254604920745e-06,0.0,0.0,8.2558645658537e-06,1.6826605460096288e-07,0.0,5.202855487027591e-06,3.6199261641087916e-09,8.447314809586714e-05,0.00016682003653897937,0.00104877494612424,0.0003583239133098459,0.0,0.0,0.0
24,0.0014426133937740814,0.0002058988861386979,7.606735204066282e-10,0.0014568789988697972,0.0004583051886220346,0.0031726633019570727,0.001795584886731376,0.0016375686529499945,0.002945194527928834,0.0039314809585630425,5.364582132671103e-05,0.00020074275961633246,0.0015080094115000975,2.521075276336309e-06,0.0,0.0006803568800660286,6.894923195545744e-05,0.0,6.115852160618828e-05,0.0014213706855662168,0.0,0.0,2.8767946059815587e-06,0.0009450824044097317,0.0,7.427191399472121e-05,7.130037483648267e-05,0.00010278412359639333,0.0,0.0,0.0,0.0,0.0004549873166979523,0.0004746549775336462,4.421162302605808e-06,4.5037407403469845e-09,2.9520127282012252e-06,4.751275636372121e-08,0.0,0.0,0.0,0.000342688076889317,0.0008107231972098816,0.00025244223176173363,0.0008745760517922463,2.4163073483691732e-05,0.0017960002832114698,0.0007593094516778365,0.0,0.0,0.0,0.0,0.0,7.467494239321582e-07,1.3723220978079097e-06,0.0,5.59675942909621e-06,0.0,5.381930386647582e-06,0.0,8.215187958285242e-05,0.0,5.396058039309537e-05,0.0002985992630647161,1.7153949174186778e-06,0.0,0.0,3.276263849841143e-05,0.0003324328011149191,2.0181188183414634e-05,0.0,0.0,0.0010423957725470246,0.0,0.0,0.0,0.0,0.0,0.0,0.0,1.7992005184908067e-06,1.2881640577688814e-06,0.0,1.1838630925353754e-06,0.0,1.3800391093776732e-07,0.0,0.0,0.0,1.5957740958469914e-05,0.0,0.0,0.00038681660739257493,0.0,0.0,4.2543131858110425e-05,0.0,0.0030951771192485465,0.0,6.810872000642121e-06,0.0,0.0,0.00031843890237723824,0.0,3.235304611735046e-06,0.0,5.800237279007803e-07,0.0,0.000232438243656361,0.0,0.0,9.018566343002022e-06,0.0,0.0,1.3589277182290971e-05,5.387634823605936e-07,0.0,1.2874472337784937e-05,4.416255085147808e-09,0.000220025289777368,0.0003432998721768854,0.001254651945578189,0.0010080342399305664,0.0,0.0,0.0
25,0.0003982728675327962,6.973760593083967e-05,4.826217563268166e-10,0.0015271434010355734,0.0003158352454818214,0.0015646492036103154,0.0009639254880312364,0.0006438996680299169,0.0011720565668520066,0.003296436192467809,2.3244975339480333e-05,0.00011294993440969847,0.000313572772167241,9.310839681566513e-07,0.0,0.0004867553115764167,3.2747893603755076e-05,0.0,3.514653635079412e-05,0.000530538860548404,0.0,0.0,1.223129074787721e-06,0.00024106279217186,0.0,5.55830429038906e-05,5.4521278514130245e-05,7.545720483335571e-05,0.0,0.0,0.0,0.0,0.0004619082194949442,0.0004462026276382858,3.1253843917511403e-06,3.6815251291955063e-09,2.914032593253069e-06,3.4107835167329625e-08,0.0,0.0,0.0,0.00022671375849421332,0.0005182093191615422,0.000266267683418846,0.0003148626219113737,2.4739450614106316e-05,0.0008362086024862946,0.00014598956949738451,0.0,0.0,0.0,0.0,0.0,1.3378724633028583e-07,3.3465267198273805e-07,0.0,1.056136226509352e-06,0.0,1.1200238805031404e-06,0.0,7.865518442486064e-05,0.0,3.8300656864294066e-05,0.00018179751133970968,4.5549319998450245e-07,0.0,0.0,2.4701001577724923e-05,0.00024789283275595154,6.655523609424563e-06,0.0,0.0,0.0007039030676810398,0.0,0.0,0.0,0.0,0.0,0.0,0.0,3.3627133960489886e-07,2.2145919501781463e-07,0.0,2.7441715502618533e-07,0.0,6.548161109343198e-08,0.0,0.0,0.0,2.9548509922960875e-06,0.0,0.0,0.000201101193397335,0.0,0.0,3.63745610229671e-05,0.0,0.0010879572802878102,0.0,1.823933271225542e-06,0.0,0.0,0.00022206119100246725,0.0,7.193574856501073e-07,0.0,1.2165941106534462e-07,0.0,0.00010876936593149367,0.0,0.0,7.244580956466961e-08,0.0,0.0,6.061438880351489e-06,1.2073922585287277e-07,0.0,3.887892336393861e-06,3.1757449459914045e-09,6.566101208645314e-05,0.00011114135021273342,0.0009348063726974942,0.00022767956637977704,0.0,0.0,0.0
26,0.00031383932652261136,5.638540354084398e-05,4.755679938748863e-10,0.0015242579080950237,0.0003135857558288535,0.0014811829941390898,0.0009104856892008684,0.0006338440492982045,0.0010550456999942526,0.003283372041187249,2.1301888765421496e-05,0.00010423604313828604,0.0002538215618695006,9.194307537293416e-07,0.0,0.00046177034651918804,3.126299875134464e-05,0.0,3.469663640089493e-05,0.0004774221227489761,0.0,0.0,1.1800864012911916e-06,0.00020917790667290603,0.0,5.6159181979182905e-05,5.376340224302112e-05,7.427270391644924e-05,0.0,0.0,0.0,0.0,0.0005017006730804497,0.00048484660260328383,3.063421754632145e-06,3.769028182887269e-09,2.8812733944505454e-06,3.474856628660206e-08,0.0,0.0,0.0,0.00020046168018542866,0.000490861267917353,0.00025894940073385443,0.00028139439080078433,2.5329853378934786e-05,0.0007640139274735702,0.00011504094582491742,0.0,0.0,0.0,0.0,0.0,9.549944228304241e-08,2.5937434898537505e-07,0.0,7.905081312031825e-07,0.0,9.875668183667585e-07,0.0,7.734957745924475e-05,0.0,3.4745420682753546e-05,0.00017275344701261019,4.0079459570740997e-07,0.0,0.0,2.5040711709429784e-05,0.00024522788325157305,6.1775081466208805e-06,0.0,0.0,0.0007076123368096887,0.0,0.0,0.0,0.0,0.0,0.0,0.0,2.482347098420323e-07,1.8468448615749366e-07,0.0,2.2766336556401258e-07,0.0,6.917632212388725e-08,0.0,0.0,0.0,2.517916592950087e-06,0.0,0.0,0.00018467834752755152,0.0,0.0,3.466466790996492e-05,0.0,0.0009625622315434157,0.0,1.6160255472641437e-06,0.0,0.0,0.00021806817305957793,0.0,6.658483471255749e-07,0.0,1.0939614449423373e-07,0.0,0.00010485925822649733,0.0,0.0,4.746214835904539e-07,0.0,0.0,5.308553882059641e-06,8.896508418843041e-08,0.0,3.370395523489833e-06,3.049757858544777e-09,7.284862711031792e-05,9.511878616850212e-05,0.000911227548340321,0.0001873991090525351,0.0,0.0,0.0
27,0.00045155265595894886,7.984812685577935e-05,4.989918484256373e-10,0.0016603330092038958,0.0003372691888284862,0.0016840173493983457,0.0010430555340644786,0.0006973413484956837,0.0013050748983027916,0.0035222481680102645,2.4912845826179365e-05,0.0001221730891114703,0.00036386739502528796,9.985869280612626e-07,0.0,0.0005250824250924779,3.465291852876362e-05,0.0,3.724592365529134e-05,0.000589903867985413,0.0,0.0,1.3031555863562971e-06,0.00027253082489608004,0.0,5.814347230909789e-05,5.814116083683984e-05,8.043536299965126e-05,0.0,0.0,0.0,0.0,0.0004880729531714678,0.00047183684933770564,3.3207063097506763e-06,3.853044177049014e-09,3.281243771198206e-06,3.5710356804941056e-08,0.0,0.0,0.0,0.00025260281436544573,0.0005623586276487913,0.00029793900944241614,0.0003461351177284655,2.648693117862422e-05,0.000918540400598431,0.00017100061685773938,0.0,0.0,0.0,0.0,0.0,1.753052703090674e-07,3.9535273621549294e-07,0.0,1.3017670070070154e-06,0.0,1.363611372653395e-06,0.0,8.718291112472799e-05,0.0,4.209965860354714e-05,0.00019498067617689684,5.032440970964558e-07,0.0,0.0,2.671435980145631e-05,0.0002679052638700341,7.489964079923084e-06,0.0,0.0,0.0007366673934359369,0.0,0.0,0.0,0.0,0.0,0.0,0.0,4.042578877161418e-07,2.448949817335233e-07,0.0,3.131625349084288e-07,0.0,6.98709704671785e-08,0.0,0.0,0.0,3.6735818434863178e-06,0.0,0.0,0.00021634328893924249,0.0,0.0,3.9960001595318316e-05,0.0,0.001209262369557109,0.0,2.00914335437119e-06,0.0,0.0,0.0002378486716588668,0.0,8.227223588619382e-07,0.0,1.3531653772158592e-07,0.0,0.0001198611762197288,0.0,0.0,8.917482773540541e-08,0.0,0.0,6.640018293637695e-06,1.330235105712063e-07,0.0,4.328788237444314e-06,3.3983486116134776e-09,7.809194944712771e-05,0.00011840751712924202,0.0009954205492249458,0.0002611273067758191,0.0,0.0,0.0
28,0.0,0.0,0.0,0.0,0.0,0.0,0.0,0.0,0.0,0.0,0.0,0.0,0.0,0.0,0.0,0.0,0.0,0.0,0.0,0.0,0.0,0.0,0.0,0.0,0.0,0.0,0.0,0.0,0.0,0.0,0.0,0.0,0.0,0.0,0.0,0.0,0.0,0.0,0.0,0.0,0.0,0.0,0.0,0.0,0.0,0.0,0.0,0.0,0.0,0.0,0.0,0.0,0.0,0.0,0.0,0.0,0.0,0.0,0.0,0.0,0.0,0.0,0.0,0.0,0.0,0.0,0.0,0.0,0.0,0.0,0.0,0.0,0.0,0.0,0.0,0.0,0.0,0.0,0.0,0.0,0.0,0.0,0.0,0.0,0.0,0.0,0.0,0.0,0.0,0.0,0.0,0.0,0.0,0.0,0.0,0.0,0.0,0.0,0.0,0.0,0.0,0.0,0.0,0.0,0.0,0.0,0.0,0.0,0.0,0.0,0.0,0.0,0.0,0.0,0.0,0.0,0.0,0.0,0.0,0.0,0.0,0.0,0.0,0.0,0.0,0.0
29,0.0005037727619219368,8.593688365749586e-05,5.08604929784002e-10,0.0016213385170703986,0.00033504012806815807,0.0017269272062549134,0.0010737296397201135,0.0007172438041743589,0.001361638386405275,0.0034859704655536916,2.6119119141867486e-05,0.00012100843314755139,0.0003999537614102433,1.048382907161266e-06,0.0,0.0005277957641737884,3.5461733411352725e-05,0.0,3.8018839022484485e-05,0.0006198591712745838,0.0,0.0,1.3924292579758912e-06,0.00029874907310841083,0.0,5.814728319819551e-05,5.781371969419524e-05,8.038056940876004e-05,0.0,0.0,0.0,0.0,0.00045843504292861323,0.00044405117033875286,3.313042689114809e-06,3.827684622592642e-09,3.2613647636026144e-06,3.58722949245216e-08,0.0,0.0,0.0,0.00025724270231421544,0.000570140734052984,0.0002900383688938746,0.0003661641346612754,2.6018454259428837e-05,0.0009581494404119439,0.0001905333116552832,0.0,0.0,0.0,0.0,0.0,1.9753673376143864e-07,4.405012243391404e-07,0.0,1.492717195219484e-06,0.0,1.500681391917169e-06,0.0,8.553651547572371e-05,0.0,4.3432732483097424e-05,0.00019931897220772045,5.279134359703619e-07,0.0,0.0,2.6814930888292564e-05,0.00026917223387716403,8.070548233263253e-06,0.0,0.0,0.0007424795337192336,0.0,0.0,0.0,0.0,0.0,0.0,0.0,4.6334682302529017e-07,2.503803261788562e-07,0.0,3.5122460957381917e-07,0.0,7.17936166694244e-08,0.0,0.0,0.0,3.951245634823408e-06,0.0,0.0,0.00022211508811324166,0.0,0.0,4.0082696359604596e-05,0.0,0.0012748825916060014,0.0,2.0600907737389205e-06,0.0,0.0,0.0002400230210423615,0.0,8.958434773376211e-07,0.0,1.474980638205281e-07,0.0,0.00012464785816860058,0.0,0.0,1.5183443792921026e-07,0.0,0.0,6.954088930797297e-06,1.4161567129633568e-07,0.0,4.414654416677876e-06,3.3949261328807685e-09,7.192374331452812e-05,0.00013286023418004333,0.000995801801136622,0.00028634904368672663,0.0,0.0,0.0
30,0.0005449299545944086,9.209527557004549e-05,5.54801380688014e-10,0.0017304224408144365,0.00036110262787019564,0.0018653323223770711,0.001155231609227485,0.0007707993571966653,0.0014595615573557551,0.003744384594610892,2.841036716809242e-05,0.00012955946118438532,0.0004280756389250584,1.1412641707385374e-06,0.0,0.0005679368662458728,3.8462414300965976e-05,0.0,4.136110848207863e-05,0.0006659615616808879,0.0,0.0,1.5316504868678749e-06,0.00032081559543499337,0.0,6.301901174225577e-05,6.239144649043737e-05,8.674446459792762e-05,0.0,0.0,0.0,0.0,0.0004876091957544304,0.000473108680016594,3.582295903470367e-06,4.147438517065893e-09,3.453731696936302e-06,3.885491891342241e-08,0.0,0.0,0.0,0.000275811843162046,0.0006116556772758486,0.0003069588758125974,0.0003953206183187774,2.7929570928790782e-05,0.001033602764509851,0.00020434161854864018,0.0,0.0,0.0,0.0,0.0,2.1159606808929254e-07,4.769662513481876e-07,0.0,1.5223336801284405e-06,0.0,1.6070096171461046e-06,0.0,9.109180478390045e-05,0.0,4.579103229730208e-05,0.0002161719524679029,5.70913592543576e-07,0.0,0.0,2.883787691853712e-05,0.0002895621284085692,8.621165940212449e-06,0.0,0.0,0.0008041499356448156,0.0,0.0,0.0,0.0,0.0,0.0,0.0,4.868002153557427e-07,2.7556545319384894e-07,0.0,3.635285182923553e-07,0.0,7.729424104319094e-08,0.0,0.0,0.0,4.2457666012296615e-06,0.0,0.0,0.00023913627047477347,0.0,0.0,4.2772289598360656e-05,0.0,0.0013730322754418013,0.0,2.241636102553457e-06,0.0,0.0,0.0002581630593203954,0.0,9.684134420240299e-07,0.0,1.6235128590391669e-07,0.0,0.0001348472655149635,0.0,0.0,2.1052574084023945e-07,0.0,0.0,7.505086337005196e-06,1.5027030283221166e-07,0.0,4.825931294760721e-06,3.6657702389818884e-09,7.405618813891124e-05,0.000143446193770842,0.0010748578017410182,0.0003074147461434507,0.0,0.0,0.0
31,0.0004021829760949913,7.03874892953138e-05,4.86932798297678e-10,0.001543742789508542,0.00031882361790621874,0.0015802290983265267,0.0009733520435111131,0.0006518492253417208,0.0011850723683687647,0.0033307943597901614,2.3463951935127623e-05,0.00011420233930209634,0.00031737692409699035,9.38387423813844e-07,0.0,0.0004920250195664266,3.3027902919116056e-05,0.0,3.5435098503739937e-05,0.0005360939440470247,0.0,0.0,1.2325380521360784e-06,0.00024433189660609143,0.0,5.609510360841341e-05,5.507647732770238e-05,7.6201225555792e-05,0.0,0.0,0.0,0.0,0.0004670620207889442,0.0004513502039526429,3.15676792524755e-06,3.7157508359086933e-09,2.949300760519691e-06,3.4453793030797544e-08,0.0,0.0,0.0,0.0002295390119462759,0.0005237327988652396,0.00026979033079896906,0.00031843519869816816,2.5003595569614846e-05,0.0008450468132650713,0.00014765412887653097,0.0,0.0,0.0,0.0,0.0,1.3480571105617401e-07,3.3728251191078585e-07,0.0,1.0799332649469307e-06,0.0,1.1288478708593176e-06,0.0,7.976021809554368e-05,0.0,3.867537810037902e-05,0.00018372532766989025,4.590331018228255e-07,0.0,0.0,2.4949015321631406e-05,0.00025053743149555885,6.713150576160842e-06,0.0,0.0,0.0007099498496472734,0.0,0.0,0.0,0.0,0.0,0.0,0.0,3.387555061484804e-07,2.2322747099678964e-07,0.0,2.7672800200662096e-07,0.0,6.611606731432573e-08,0.0,0.0,0.0,3.026426270338334e-06,0.0,0.0,0.0002029624688793774,0.0,0.0,3.677880158647895e-05,0.0,0.0011004024267822388,0.0,1.8673884915187956e-06,0.0,0.0,0.00022428127105285966,0.0,7.25330100976862e-07,0.0,1.2263195085404631e-07,0.0,0.00010973767359701014,0.0,0.0,7.715811989328358e-08,0.0,0.0,6.142345337138977e-06,1.2178253805394945e-07,0.0,3.922048737763361e-06,3.207243654546055e-09,6.673184918588149e-05,0.00011213889397055255,0.0009444172610801615,0.00023020433532906282,0.0,0.0,0.0
