epoch,layer1,layer3,layer5,layer7
2,0.11406356799171274,0.10591301447414307,0.1216868221337052,0.021537597567974014
3,0.08460492623364224,0.05983788257450279,0.06655378035093124,0.01642982108849637
4,0.06979623944024502,0.0460613963856936,0.045609044771843174,0.02161282186573516
5,0.07992250861928717,0.050368650101029956,0.04850130124027594,0.024569217081543335
6,0.0806483203358883,0.058685981511771464,0.06892502587594734,0.026481216191859464
7,0.06838172600190805,0.037604693257623986,0.03246881796431762,0.02171195154747725
8,0.06998858106862887,0.03931274374805185,0.04384417700219711,0.01810565072014811
9,0.059248967931939386,0.02908132531367841,0.022179416065352165,0.019143399436881637
10,0.05162348764854998,0.031508547998915976,0.0252628099585141,0.021391434126771403
11,0.04576991114258355,0.027195508250444544,0.02387885612838269,0.01880663207488252
12,0.05152890228793924,0.02855118727829014,0.02141324020320135,0.019982656680231487
13,0.043124722120843784,0.024166385186866462,0.017649384890131438,0.019982335649267827
14,0.04847618296648354,0.031045960993340074,0.024285912171462674,0.0381634463721504
15,0.051310710236752634,0.03274786052553654,0.02944109310130992,0.042993169213259914
16,0.05127766061356534,0.022825869008648914,0.01719427023749481,0.02683616638046501
17,0.05127425797610329,0.02774583379536461,0.021837023698297334,0.029347984360088505
18,0.0540515053259388,0.022534121327444718,0.018309973211340324,0.04100810133376088
19,0.047241973572237556,0.022247252909067223,0.019102200449162915,0.04225719477201486
20,0.042791175094872014,0.019074706314908232,0.011891806633140297,0.020605796005007913
21,0.04918680826197194,0.019703922350638725,0.017254417434384738,0.02034350626121269
22,0.04255654512527999,0.021605039226995186,0.011422743978571844,0.019717745053631254
23,0.040075614967209135,0.019318784666743395,0.011328438197739328,0.023677132913425134
24,0.04272576118689981,0.01883507549759225,0.01887086646129426,0.03669209420297511
25,0.04233917229942027,0.01965999570193239,0.015478739741981554,0.03521474622938518
26,0.04199028981800431,0.022259604196840508,0.013595213863709538,0.030135423856318993
27,0.036635977836001574,0.018726485762149817,0.011754737683164167,0.020533429060924042
28,0.0415013503153813,0.015285246645049587,0.010998228675564044,0.03468849482177053
29,0.03927875833068041,0.016446281768229543,0.01057416876165686,0.03248488108335938
30,0.0367268502461074,0.016169943599159495,0.010589810338244942,0.020915148816109338
31,0.033208138987302446,0.014095811470078608,0.011799653257617332,0.02722570272738611
32,0.037667432073344144,0.013093311231311945,0.00991362340418476,0.03243693868107779
33,0.038083379419374,0.017555363966605758,0.011656905635716535,0.03145001626390677
34,0.038153041949495946,0.015916308460192638,0.012083685861524196,0.026282392585150985
35,0.03995332051281842,0.01470819428074023,0.012549257109486577,0.020870483679110076
36,0.03866885957718428,0.01576701322381635,0.011187127245186753,0.030367786419164634
37,0.03703587832089306,0.013377606138618357,0.009132663466919152,0.022187706573686246
38,0.035717391352113,0.01290461092013237,0.00946636577573462,0.02087799106715011
39,0.029869793839261742,0.013115377958716992,0.008302426452549867,0.021402237943729155
40,0.036730871130426494,0.016418090114261152,0.01141074813498218,0.025726216531001992
41,0.04469140830182014,0.015278194821378589,0.011256674508930233,0.025143533641873012
42,0.04283076687382562,0.016530333511457038,0.010597890969433466,0.02803293896472505
43,0.04171239483654706,0.0164506365834274,0.010594958187741912,0.02903742355995104
44,0.038446811181162936,0.012963953062241454,0.010256367388115514,0.02755689111637958
45,0.03806061577273804,0.013141679534975722,0.008027760148385112,0.03079527890765075
46,0.0410501302312185,0.013270471920772048,0.007626571247946221,0.019221116851005308
47,0.03993271603585203,0.013243148115157487,0.008300678948134294,0.019117359990333392
48,0.04339186279707289,0.01741554190945547,0.013563162463083579,0.029975417878655167
49,0.038408580981337974,0.013649399180916339,0.009395451133394272,0.03306128348990705
50,0.03978823371299605,0.01757594654634564,0.01160578497991408,0.021785347185665865
51,0.03130611239039426,0.013660376495543568,0.007436505025884142,0.03140275433779656
52,0.03456907450308727,0.014312531991230613,0.010109138786266585,0.026269133388827273
53,0.04087429340062034,0.012452290472037659,0.00888319717218974,0.021463522567369973
54,0.038847284010597165,0.013896064406874326,0.008748509701657754,0.025261873544929325
55,0.04003925390164008,0.014586541947973803,0.008711106014737732,0.02983773307407921
56,0.0337262757653435,0.012440343684963029,0.007519996609041792,0.021880032906739427
57,0.03944558847323741,0.01466318021440095,0.009101943748452834,0.03576731481394709
58,0.038553560613774684,0.014196692009056176,0.009831926871168226,0.045267962202864845
59,0.0415344119616493,0.01093414185018648,0.0072815426936879485,0.020570743763899245
60,0.03968203323923807,0.012262901288031286,0.006828655797446537,0.02304012504306345
61,0.039998832470460925,0.012532285266462759,0.00846719599395218,0.02904417063715196
62,0.035590842782940654,0.012020688041871801,0.008283367732993615,0.022601800835331677
63,0.031205779160277333,0.010269467366908546,0.00552402986957891,0.022783131259771997
64,0.03994920342134495,0.01592235193054091,0.009414943122504758,0.031688700320461234
65,0.03016344429935016,0.013902291969312093,0.009563215515714341,0.04877421504237664
66,0.03215398361012207,0.011522307798353552,0.008930350329074419,0.035999251436661835
67,0.0367259145155025,0.013983634363068839,0.009274914500953623,0.028763280636950994
68,0.035743359621054085,0.011052769743371984,0.006387225532263603,0.02307938424221929
69,0.0338150507318856,0.012616254911819098,0.006569039123037719,0.02148491070495756
70,0.04050673426727956,0.01167925815281089,0.00717676709946757,0.024773005348564393
71,0.045201200149996,0.012526678290752088,0.00758068149970701,0.03053958604827511
72,0.0350198695314531,0.01208231703772085,0.006999069938213237,0.022351689533455857
73,0.03902716072173324,0.012888961013208139,0.007194410330249459,0.0322653185789324
74,0.03798842392097887,0.012029644591591207,0.006853711913992304,0.020393488029270518
75,0.037311107461451706,0.012379774755624568,0.007422851877816224,0.027982617122063475
76,0.03472922388997482,0.012211932607085548,0.007071929298289125,0.03603764985400686
77,0.03577608511282358,0.011517524994546325,0.006967709738500899,0.03989000045124091
78,0.03434778339281879,0.010033352281266696,0.006033232632677114,0.05472827797400536
79,0.042185460504775785,0.012431928691880412,0.006761031504141949,0.05453367801643311
80,0.04033065789198085,0.016858044044313066,0.008561177897929685,0.03220660579756892
81,0.034354120320567054,0.012510422854564099,0.006836046518273559,0.031893538906806816
82,0.03330308867057227,0.012369506982899507,0.006760686059861088,0.03226133270650795
83,0.03515843127899764,0.01148169756612669,0.0059954145811611775,0.02075929871166172
84,0.03702880002106467,0.01224444629209503,0.006701003805401107,0.027499415702883574
85,0.034434172285681554,0.013737445868865114,0.008230882273486837,0.04296856715088368
86,0.031351489629681054,0.012591566105929769,0.007022959134154219,0.03383809150942174
87,0.034158521177006476,0.008955037688362892,0.006759545324946048,0.02292347672147487
88,0.047349442425439356,0.01145036497234912,0.006998962208784957,0.027272053846382746
89,0.04031773170702934,0.011569914563210897,0.005677405305242882,0.02428230448289453
90,0.042292251926328024,0.01257956732165298,0.006567093573263599,0.02393129906628556
91,0.04529544538913371,0.010591105560799563,0.005791967023386789,0.02365036549400453
92,0.036697280117196675,0.010792226230023147,0.00719692413465642,0.050608628473808696
93,0.03940059563001553,0.010380411070858402,0.0057474415177537945,0.024507962359200733
94,0.03338342474941717,0.010703374514609848,0.00583540135723328,0.025896305605240283
95,0.03379481634807323,0.011550369431321211,0.006619853397168247,0.026782177637376683
96,0.038379501182271736,0.01023695359958223,0.0053605557547702085,0.025174981072485437
97,0.03345895588627947,0.01029604584294377,0.00544135819442167,0.027242216135990118
98,0.041567116498501526,0.011419503754542041,0.006335002762430349,0.030384986012832054
99,0.03554069658855885,0.00981665645726688,0.0058008595914743515,0.02648552606613657
100,0.02735012424103408,0.009025884554989613,0.004997366706576581,0.02367827859030297
